age,cfr
0-1,2.6e-05
1-5,2.6e-05
5-15,8.700000000000001e-05
15-25,0.000374
25-45,0.0016175
45-65,0.016962500000000002
65-75,0.063
75+,0.11005000000000001
